round,loss,accuracy,f1,recall,precision,auc,num_examples,clipping_norm,dp_noise_stddev,privacy_budget,nsr
0,0.7015812397003174,0.472398579120636,0.4714690907809664,0.4707558620204401,0.4721844840058578,0.4533515755024269,113726.0,,,,
2,23.54606437683105,0.3785238265991211,0.4644713512858204,0.538654856680902,0.4082475325332658,0.3902036977755601,113726.0,,,,
4,41.94582748413086,0.5507623553276062,0.5869044923833241,0.6397722465096601,0.5421073071637689,0.5467176309775984,113726.0,,,,
