round,loss,accuracy,f1,recall,precision,auc,num_examples,clipping_norm,dp_noise_stddev,privacy_budget,nsr
0,0.6853451728820801,0.5557480454444885,0.6063009919815475,0.688487744447394,0.5416434617955002,0.6180818530146795,113726.0,,,,
2,0.8747129440307617,0.510815441608429,0.6415376387734456,0.8728806129784511,0.5071307784772732,0.5935618229998276,113726.0,,,,
4,1.5550577640533447,0.5071839094161987,0.5565068764144523,0.6180616585228671,0.5061024755325273,0.5423128952879557,113726.0,,,,
