round,loss,accuracy,f1,recall,precision,auc,num_examples,clipping_norm,dp_noise_stddev,privacy_budget,nsr
1,0.6611948013305664,0.5042646527290344,0.6684193191709601,1.0,0.501974329302227,0.7836183016151276,113726.0,,,,
3,0.6680612564086914,0.5118178725242615,0.6610251244008915,0.952676780120376,0.5060908912427662,0.6674574419252759,113726.0,,,,
5,0.5743942260742188,0.6843113899230957,0.7398971238136637,0.8960011229843309,0.6301163637261071,0.8313491706925529,113726.0,,,,
