round,loss,accuracy,f1,recall,precision,auc,num_examples,clipping_norm,dp_noise_stddev,privacy_budget,nsr
1,2.8618288040161133,0.4977577626705169,0.5796252410321326,0.691873846964772,0.4987145227269849,0.5642113485028017,113726.0,,,,
3,34.45855712890625,0.5855829119682312,0.3636412735275849,0.2354360444786348,0.7984110043875252,0.5710794639607135,113726.0,,,,
5,40.284423828125,0.4249248206615448,0.503511049367252,0.5843700440528634,0.4423089747522573,0.4127030557421502,113726.0,,,,
