round,loss,accuracy,f1,recall,precision,auc,num_examples,clipping_norm,dp_noise_stddev,privacy_budget,nsr
1,1.9403473138809204,0.5346710681915283,0.6674082733134734,0.9360918162265084,0.5185659035862177,0.6647028401375272,113726.0,,,,
3,6.064239025115967,0.5148515105247498,0.6232365031889758,0.8009618422438305,0.5100594626011535,0.6252630788145873,113726.0,,,,
5,17.14248275756836,0.487856775522232,0.5690545599834264,0.6741051081583284,0.4923311312541609,0.4942999055152188,113726.0,,,,
