round,loss,accuracy,f1,recall,precision,auc,num_examples,clipping_norm,dp_noise_stddev,privacy_budget,nsr
2,,,,,,,,0.1081190854506055,0.2496903323577729,3.265986323710904,2.309401076758503
4,,,,,,,,0.0928716770572429,0.2144779509963649,4.618802153517006,2.309401076758503
