round,loss,accuracy,f1,recall,precision,auc,num_examples,clipping_norm,dp_noise_stddev,privacy_budget,nsr
0,0.6740679144859314,0.6197879314422607,0.7019616492742036,0.9001891562218255,0.5752810258148336,0.7534771931198709,113726.0,,,,
1,0.6611948013305664,0.5042646527290344,0.6684193191709601,1.0,0.501974329302227,0.7836183016151276,113726.0,,,,
2,0.6690302491188049,0.5198811292648315,0.6670690958757103,0.961572942851618,0.5106659073723125,0.7053069941472598,113726.0,,,,
3,0.6680612564086914,0.5118178725242615,0.6610251244008915,0.952676780120376,0.5060908912427662,0.6674574419252759,113726.0,,,,
4,0.61857008934021,0.6829748749732971,0.6826567616096891,0.6807752400681144,0.6845487122455824,0.7420011084036098,113726.0,,,,
5,0.5743942260742188,0.6843113899230957,0.7398971238136637,0.8960011229843309,0.6301163637261071,0.8313491706925529,113726.0,,,,
