round,loss,accuracy,f1,recall,precision,auc,num_examples,clipping_norm,dp_noise_stddev,privacy_budget,nsr
1,0.8182874917984009,0.4899846911430359,0.520200516180266,0.5514671063016293,0.4922891453085125,0.5212865740282719,113726.0,,,,
3,6.279966831207275,0.3558201193809509,0.395644283121597,0.4208863536638876,0.3732586193478092,0.3112059260993938,113726.0,,,,
5,7.880253791809082,0.5076323747634888,0.5459263524088325,0.5929155217360671,0.5058381546322037,0.5404391850000487,113726.0,,,,
