round,loss,accuracy,f1,recall,precision,auc,num_examples,clipping_norm,dp_noise_stddev,privacy_budget,nsr
2,,,,,,,,0.0924822150933403,0.1067892635587857,1.632993161855452,1.1547005383792517
4,,,,,,,,0.095685667902321,0.1104882922419884,2.309401076758503,1.1547005383792517
