round,loss,accuracy,f1,recall,precision,auc,num_examples,clipping_norm,dp_noise_stddev,privacy_budget,nsr
0,0.695889949798584,0.5138842463493347,0.5076413380356952,0.4987836678975831,0.5168192945869979,0.5048608970574826,113726.0,,,,
2,1375.73193359375,0.5113078951835632,0.505432703003337,0.5003788212492292,0.5105897159295217,0.5104235880389039,113726.0,,,,
4,1657.7015380859375,0.6022105813026428,0.5180110591419044,0.4266633904908998,0.6591291144731848,0.6022737163668986,113726.0,,,,
