round,loss,accuracy,f1,recall,precision,auc,num_examples,clipping_norm,dp_noise_stddev,privacy_budget,nsr
2,,,,,,,,0.1776730361210983,1.025795752322542,8.16496580927726,5.773502691896257
4,,,,,,,,0.1051258340127665,0.6069442856605467,11.547005383792516,5.773502691896257
