round,loss,accuracy,f1,recall,precision,auc,num_examples,clipping_norm,dp_noise_stddev,privacy_budget,nsr
0,0.7328887581825256,0.1874681264162063,0.2760533366760157,0.3094732034639639,0.2491479643064217,0.1448454002166297,113726.0,,,,
2,122.73230743408205,0.577264666557312,0.6287280871109737,0.7162690033783784,0.5602548927853781,0.5791657135522414,113726.0,,,,
4,382.1080627441406,0.5597313046455383,0.5448347332824262,0.5265497610345797,0.5644353198221954,0.5633929799769108,113726.0,,,,
