round,loss,accuracy,f1,recall,precision,auc,num_examples,clipping_norm,dp_noise_stddev,privacy_budget,nsr
0,0.7246325612068176,0.3291683495044708,0.3255328742054406,0.3231927816592353,0.3279071010027249,0.2511937436588228,113726.0,,,,
2,19.613630294799805,0.5656226277351379,0.2430510863902424,0.139360393603936,0.9495929118773946,0.6090932722812865,113726.0,,,,
4,34.27740859985352,0.5853366851806641,0.3341334613538166,0.2086330935251798,0.8385542168674699,0.6857070626888121,113726.0,,,,
