round,loss,accuracy,f1,recall,precision,auc,num_examples,clipping_norm,dp_noise_stddev,privacy_budget,nsr
0,0.755699872970581,0.2678455114364624,0.2365841806562818,0.2266451182236588,0.2474349385344149,0.1809222234957367,113726.0,,,,
1,0.767672598361969,0.3867189586162567,0.5369775346539911,0.7111732433002743,0.4313275884134636,0.368403366860857,113726.0,,,,
2,1.641330361366272,0.4830206036567688,0.6200072386960007,0.8399733814335499,0.4913389537087307,0.5512498682752719,113726.0,,,,
3,2.431849241256714,0.4235003292560577,0.5198432751107693,0.6245886348837618,0.4451845161937733,0.4600106759970532,113726.0,,,,
4,12.427567481994627,0.3958901166915893,0.3529267718389451,0.3303651720064183,0.3787958432736242,0.3278504130380793,113726.0,,,,
5,13.851119041442873,0.4922708868980407,0.5581285010254369,0.6420698640749348,0.4935977260422306,0.4960983013192555,113726.0,,,,
