round,loss,accuracy,f1,recall,precision,auc,num_examples,clipping_norm,dp_noise_stddev,privacy_budget,nsr
2,,,,,,,,1.4234217611018427,1.3149006991080323,1.3063945294843615,0.9237604307034014
4,,,,,,,,1.435899877528732,1.3264274893129029,1.8475208614068024,0.9237604307034012
