round,loss,accuracy,f1,recall,precision,auc,num_examples,clipping_norm,dp_noise_stddev,privacy_budget,nsr
1,,,,,,,,0.0602518918497608,0.5565831356582984,9.237604307034012,9.237604307034012
2,,,,,,,,0.0424539138679459,0.3921724575969888,13.063945294843617,9.237604307034012
3,,,,,,,,0.090842972550245,0.8391714344939156,15.999999999999998,9.237604307034012
4,,,,,,,,0.4887489064308858,4.514869003104114,18.475208614068023,9.237604307034012
5,,,,,,,,0.2980526191461065,2.753292158346841,20.65591117977289,9.237604307034012
