round,loss,accuracy,f1,recall,precision,auc,num_examples,clipping_norm,dp_noise_stddev,privacy_budget,nsr
2,,,,,,,,0.1246443585944252,0.1439269079749192,1.632993161855452,1.1547005383792517
4,,,,,,,,0.1690339040839895,0.1951835400501294,2.309401076758503,1.1547005383792517
