round,loss,accuracy,f1,recall,precision,auc,num_examples,clipping_norm,dp_noise_stddev,privacy_budget,nsr
0,0.7062973976135254,0.4368482232093811,0.3855474858727249,0.3534450913824342,0.4240639905449326,0.3800452385210855,113726.0,,,,
2,21.84247398376465,0.4726711511611938,0.4838051627230395,0.4930612817768733,0.4748901655964853,0.4646577399912651,113726.0,,,,
4,47.283504486083984,0.4766456186771393,0.4682622640329482,0.4608229294883066,0.4759457348854948,0.462487227998143,113726.0,,,,
