round,loss,accuracy,f1,recall,precision,auc,num_examples,clipping_norm,dp_noise_stddev,privacy_budget,nsr
0,0.7022058963775635,0.3903416991233825,0.5102631839179511,0.6350545914868928,0.4264613858814362,0.3854008233331256,113726.0,,,,
2,0.7355726957321167,0.3393155336380005,0.467547744747192,0.5770737851170276,0.3929647762331892,0.3141895001583764,113726.0,,,,
4,0.7564305663108826,0.3460949957370758,0.3343656576144359,0.3276382262138647,0.3413751507840772,0.2731433198153913,113726.0,,,,
