round,loss,accuracy,f1,recall,precision,auc,num_examples,clipping_norm,dp_noise_stddev,privacy_budget,nsr
1,123.2304458618164,0.7535919547080994,0.7107482375285143,0.6055793010043445,0.8601229139602279,0.7635506915892211,113726.0,,,,
3,1091.3388671875,0.5495928525924683,0.4459802935418627,0.3612201275492326,0.5827138859840028,0.5499175834490696,113726.0,,,,
5,2555.925048828125,0.426832914352417,0.5403880866425994,0.6749449581682079,0.4505637926371856,0.4271658695125688,113726.0,,,,
