round,loss,accuracy,f1,recall,precision,auc,num_examples,clipping_norm,dp_noise_stddev,privacy_budget,nsr
0,0.7354592680931091,0.2370258271694183,0.3589876185691912,0.4299440826727067,0.3081342261451834,0.1722626793667223,113726.0,,,,
1,0.7287791967391968,0.5105868577957153,0.1280255675142172,0.072105458203187,0.5703517587939698,0.2650216082972993,113726.0,,,,
2,0.7153122425079346,0.3951778709888458,0.4604245438428592,0.5165179435732263,0.4153210398947085,0.4091175912604056,113726.0,,,,
3,0.6862138509750366,0.5516416430473328,0.539427332670942,0.526826514229256,0.5526457033924969,0.5729590789871486,113726.0,,,,
4,0.7023715972900391,0.5332465767860413,0.4652872914819889,0.4053461106430778,0.5460327217703802,0.5155812200700937,113726.0,,,,
5,0.75101637840271,0.4990943074226379,0.4077023851608476,0.3463957597173145,0.4953762191116276,0.4571410711477907,113726.0,,,,
