round,loss,accuracy,f1,recall,precision,auc,num_examples,clipping_norm,dp_noise_stddev,privacy_budget,nsr
1,,,,,,,,0.0908113639214279,0.5242996540551349,5.773502691896257,5.773502691896257
3,,,,,,,,0.1182884479190611,0.6829386724809298,9.999999999999998,5.773502691896257
5,,,,,,,,0.1120508162478342,0.6469256892360437,12.909944487358056,5.773502691896257
