round,loss,accuracy,f1,recall,precision,auc,num_examples,clipping_norm,dp_noise_stddev,privacy_budget,nsr
1,,,,,,,,0.1831312721269509,1.0573088925953371,5.773502691896257,5.773502691896257
2,,,,,,,,0.2438930400985342,1.4081171235436492,8.16496580927726,5.773502691896257
3,,,,,,,,0.2353095752865703,1.3585604663459785,9.999999999999998,5.773502691896257
4,,,,,,,,0.1657390179900902,0.956894666518028,11.547005383792516,5.773502691896257
5,,,,,,,,0.2372832467807214,1.369955464030379,12.909944487358056,5.773502691896257
