round,loss,accuracy,f1,recall,precision,auc,num_examples,clipping_norm,dp_noise_stddev,privacy_budget,nsr
1,,,,,,,,0.3220488533058621,0.3224521707504461,1.0012523486435176,1.0012523486435176
2,,,,,,,,0.6510327725757139,0.6518480925853346,1.4159846508095772,1.0012523486435176
3,,,,,,,,0.3985553607426861,0.3990544910080789,1.7342199390482398,1.0012523486435176
4,,,,,,,,1.0076618551597758,1.0089237991172095,2.0025046972870357,1.0012523486435176
5,,,,,,,,1.1481618644168945,1.1495997633703354,2.238868314198225,1.0012523486435176
