round,loss,accuracy,f1,recall,precision,auc,num_examples,clipping_norm,dp_noise_stddev,privacy_budget,nsr
1,175.91651916503906,0.7169864177703857,0.7269271885021974,0.7545707542184803,0.7012374779021803,0.7227206049043626,113726.0,,,,
3,909.2247924804688,0.6647204756736755,0.6283915484172773,0.5652494082580871,0.707414477870669,0.667527408239707,113726.0,,,,
5,4636.755859375,0.5804477334022522,0.418348937000195,0.3017497581992438,0.6818055389994835,0.5796325971364704,113726.0,,,,
