round,loss,accuracy,f1,recall,precision,auc,num_examples,clipping_norm,dp_noise_stddev,privacy_budget,nsr
2,,,,,,,,1.4196176369294669,0.3278466499310272,0.3265986323710904,0.2309401076758503
4,,,,,,,,1.3960592212472838,0.3224060668767115,0.4618802153517006,0.2309401076758503
