round,loss,accuracy,f1,recall,precision,auc,num_examples,clipping_norm,dp_noise_stddev,privacy_budget,nsr
2,,,,,,,,0.0974152558438559,0.2249708967385059,3.265986323710904,2.309401076758503
4,,,,,,,,0.0966170078716583,0.2231274220119926,4.618802153517006,2.309401076758503
