round,loss,accuracy,f1,recall,precision,auc,num_examples,clipping_norm,dp_noise_stddev,privacy_budget,nsr
1,,,,,,,,0.1831312721269509,1.0573088925953371,5.773502691896257,5.773502691896257
3,,,,,,,,0.2353095752865703,1.3585604663459785,9.999999999999998,5.773502691896257
5,,,,,,,,0.2372832467807214,1.369955464030379,12.909944487358056,5.773502691896257
