round,loss,accuracy,f1,recall,precision,auc,num_examples,clipping_norm,dp_noise_stddev,privacy_budget,nsr
2,,,,,,,,0.1054079354587619,0.6085729991183888,8.16496580927726,5.773502691896257
4,,,,,,,,0.1202625319797366,0.6943360521192695,11.547005383792516,5.773502691896257
