round,loss,accuracy,f1,recall,precision,auc,num_examples,clipping_norm,dp_noise_stddev,privacy_budget,nsr
1,,,,,,,,0.1006914711825631,0.2325369919694091,2.309401076758503,2.309401076758503
2,,,,,,,,0.0974152558438559,0.2249708967385059,3.265986323710904,2.309401076758503
3,,,,,,,,0.0915629678390618,0.2114556165187336,4.0,2.309401076758503
4,,,,,,,,0.0966170078716583,0.2231274220119926,4.618802153517006,2.309401076758503
5,,,,,,,,0.0924174059298116,0.2134288567655346,5.163977794943222,2.309401076758503
