round,loss,accuracy,f1,recall,precision,auc,num_examples,clipping_norm,dp_noise_stddev,privacy_budget,nsr
2,,,,,,,,0.1153714757174636,1.3321950512456406,16.32993161855452,11.547005383792516
4,,,,,,,,0.111315690563214,1.2853628782340143,23.09401076758503,11.547005383792516
