round,loss,accuracy,f1,recall,precision,auc,num_examples,clipping_norm,dp_noise_stddev,privacy_budget,nsr
0,0.755699872970581,0.2678455114364624,0.2365841806562818,0.2266451182236588,0.2474349385344149,0.1809222234957367,113726.0,,,,
2,1.641330361366272,0.4830206036567688,0.6200072386960007,0.8399733814335499,0.4913389537087307,0.5512498682752719,113726.0,,,,
4,12.427567481994627,0.3958901166915893,0.3529267718389451,0.3303651720064183,0.3787958432736242,0.3278504130380793,113726.0,,,,
