round,loss,accuracy,f1,recall,precision,auc,num_examples,clipping_norm,dp_noise_stddev,privacy_budget,nsr
0,0.7022058963775635,0.3903416991233825,0.5102631839179511,0.6350545914868928,0.4264613858814362,0.3854008233331256,113726.0,,,,
1,0.7095791697502136,0.4258393049240112,0.5725097384529773,0.7676803146288363,0.4564615978870225,0.4553759321031561,113726.0,,,,
2,0.7355726957321167,0.3393155336380005,0.467547744747192,0.5770737851170276,0.3929647762331892,0.3141895001583764,113726.0,,,,
3,0.720272421836853,0.3982554674148559,0.5668021319964045,0.7868742969628797,0.4429252656364392,0.3663344859055593,113726.0,,,,
4,0.7564305663108826,0.3460949957370758,0.3343656576144359,0.3276382262138647,0.3413751507840772,0.2731433198153913,113726.0,,,,
5,0.7563494443893433,0.4560874402523041,0.4181505206422665,0.3910932028926855,0.4492299607906544,0.3861756572304729,113726.0,,,,
