round,loss,accuracy,f1,recall,precision,auc,num_examples,clipping_norm,dp_noise_stddev,privacy_budget,nsr
1,0.7095791697502136,0.4258393049240112,0.5725097384529773,0.7676803146288363,0.4564615978870225,0.4553759321031561,113726.0,,,,
3,0.720272421836853,0.3982554674148559,0.5668021319964045,0.7868742969628797,0.4429252656364392,0.3663344859055593,113726.0,,,,
5,0.7563494443893433,0.4560874402523041,0.4181505206422665,0.3910932028926855,0.4492299607906544,0.3861756572304729,113726.0,,,,
