round,loss,accuracy,f1,recall,precision,auc,num_examples,clipping_norm,dp_noise_stddev,privacy_budget,nsr
0,0.7107614874839783,0.3696076571941376,0.5177841153680586,0.6791833565668508,0.4183650177715459,0.3450129429523647,113726.0,,,,
2,4.432275772094727,0.537432074546814,0.4949209823914588,0.4541994149367356,0.5436635167060412,0.5643589845110658,113726.0,,,,
4,8.717772483825684,0.5209274888038635,0.5071151358344114,0.4929126657521719,0.5221603293775733,0.510675339364551,113726.0,,,,
