round,loss,accuracy,f1,recall,precision,auc,num_examples,clipping_norm,dp_noise_stddev,privacy_budget,nsr
1,6673.31103515625,0.5790584683418274,0.4727985551297299,0.3762994127443246,0.6358600669451109,0.5802886136073772,113726.0,,,,
3,42565.7890625,0.3862089514732361,0.3542287268488537,0.3381612646825046,0.3718992210415898,0.385809482940232,113726.0,,,,
5,103262.40625,0.5844749808311462,0.4735294117647058,0.3735170571383377,0.6466847214192253,0.584587929651614,113726.0,,,,
