round,loss,accuracy,f1,recall,precision,auc,num_examples,clipping_norm,dp_noise_stddev,privacy_budget,nsr
0,0.7044212818145752,0.3711816072463989,0.431104570223937,0.4754518336550272,0.3943243833224187,0.319062404063378,113726.0,,,,
2,38.38924789428711,0.4034345746040344,0.3937593266077508,0.3878093427676277,0.3998947311105867,0.3763765501473773,113726.0,,,,
4,190.5425720214844,0.4425021409988403,0.37586627815404,0.3343959643376364,0.4290787314858517,0.4188995237023277,113726.0,,,,
