round,loss,accuracy,f1,recall,precision,auc,num_examples,clipping_norm,dp_noise_stddev,privacy_budget,nsr
1,,,,,,,,1.4263624574228366,0.8235107487550508,0.5773502691896257,0.5773502691896257
2,,,,,,,,1.3801739103311566,0.7968437786581916,0.816496580927726,0.5773502691896257
3,,,,,,,,1.3466004932368905,0.7774601572612015,1.0,0.5773502691896257
4,,,,,,,,1.3655444697703254,0.7883974672123021,1.1547005383792517,0.5773502691896257
5,,,,,,,,1.3978054417563934,0.8070233480727774,1.2909944487358056,0.5773502691896257
