round,loss,accuracy,f1,recall,precision,auc,num_examples,clipping_norm,dp_noise_stddev,privacy_budget,nsr
2,,,,,,,,0.0856324023661683,0.0988797811149232,1.632993161855452,1.1547005383792517
4,,,,,,,,0.0926483668495294,0.10698111908111,2.309401076758503,1.1547005383792517
