round,loss,accuracy,f1,recall,precision,auc,num_examples,clipping_norm,dp_noise_stddev,privacy_budget,nsr
2,,,,,,,,1.406933497242532,0.1624586866729755,0.1632993161855452,0.1154700538379251
4,,,,,,,,1.391568812539449,0.1606845257031077,0.2309401076758503,0.1154700538379251
