round,loss,accuracy,f1,recall,precision,auc,num_examples,clipping_norm,dp_noise_stddev,privacy_budget,nsr
0,0.6740679144859314,0.6197879314422607,0.7019616492742036,0.9001891562218255,0.5752810258148336,0.7534771931198709,113726.0,,,,
2,0.6690302491188049,0.5198811292648315,0.6670690958757103,0.961572942851618,0.5106659073723125,0.7053069941472598,113726.0,,,,
4,0.61857008934021,0.6829748749732971,0.6826567616096891,0.6807752400681144,0.6845487122455824,0.7420011084036098,113726.0,,,,
