round,loss,accuracy,f1,recall,precision,auc,num_examples,clipping_norm,dp_noise_stddev,privacy_budget,nsr
1,,,,,,,,0.0863134802739991,0.7973297771341896,9.237604307034012,9.237604307034012
2,,,,,,,,0.1196666075778438,1.1054327695692392,13.063945294843617,9.237604307034012
3,,,,,,,,0.1815966743081087,1.6775182207316384,15.999999999999998,9.237604307034012
4,,,,,,,,0.0469856921955371,0.4340352325944681,18.475208614068023,9.237604307034012
5,,,,,,,,0.033780440139112,0.3120503393225657,20.65591117977289,9.237604307034012
