round,loss,accuracy,f1,recall,precision,auc,num_examples,clipping_norm,dp_noise_stddev,privacy_budget,nsr
1,0.7198102474212646,0.5306702256202698,0.4830658673355738,0.4396241714849809,0.5360343901128426,0.4955560921714433,113726.0,,,,
3,0.9957770705223083,0.5044229030609131,0.0200987551290075,0.0101798200038746,0.7842605156037992,0.5539785092666814,113726.0,,,,
5,1.140816569328308,0.5458646416664124,0.2131419778478601,0.1236783478906609,0.7704593016852076,0.5811286197507094,113726.0,,,,
