round,loss,accuracy,f1,recall,precision,auc,num_examples,clipping_norm,dp_noise_stddev,privacy_budget,nsr
1,,,,,,,,0.1061922441329378,0.613101207360021,5.773502691896257,5.773502691896257
3,,,,,,,,0.0870993751984412,0.5028684771706828,9.999999999999998,5.773502691896257
5,,,,,,,,0.0805404322149657,0.4650004021995927,12.909944487358056,5.773502691896257
