round,loss,accuracy,f1,recall,precision,auc,num_examples,clipping_norm,dp_noise_stddev,privacy_budget,nsr
0,0.6945224404335022,0.6116103529930115,0.4813779823407852,0.3608026049458769,0.722992275949635,0.5809429675411193,113726.0,,,,
1,0.7198102474212646,0.5306702256202698,0.4830658673355738,0.4396241714849809,0.5360343901128426,0.4955560921714433,113726.0,,,,
2,0.876332700252533,0.511853039264679,0.0578381956112214,0.0298449951834661,0.9321663019693656,0.4977481165418207,113726.0,,,,
3,0.9957770705223083,0.5044229030609131,0.0200987551290075,0.0101798200038746,0.7842605156037992,0.5539785092666814,113726.0,,,,
4,1.1232411861419678,0.5081687569618225,0.0391328248471105,0.0200147606663386,0.8734662576687117,0.4665465831578241,113726.0,,,,
5,1.140816569328308,0.5458646416664124,0.2131419778478601,0.1236783478906609,0.7704593016852076,0.5811286197507094,113726.0,,,,
