round,loss,accuracy,f1,recall,precision,auc,num_examples,clipping_norm,dp_noise_stddev,privacy_budget,nsr
1,,,,,,,,0.097816771898359,0.1129490791735556,1.1547005383792517,1.1547005383792517
3,,,,,,,,0.0935379807645487,0.1080083567477325,2.0,1.1547005383792517
5,,,,,,,,0.1005027566165905,0.1160505871737759,2.581988897471611,1.1547005383792517
