round,loss,accuracy,f1,recall,precision,auc,num_examples,clipping_norm,dp_noise_stddev,privacy_budget,nsr
0,0.7017095685005188,0.4063802361488342,0.45457042674552,0.4940726040148229,0.4209171841101219,0.4044082137601058,113726.0,,,,
2,822.7032470703125,0.5287885069847107,0.4895264767239162,0.4527753303964758,0.5327707395965083,0.5234853426189495,113726.0,,,,
4,1803.881591796875,0.4831876754760742,0.513657313551398,0.5452150084317032,0.4855529308699529,0.481761430991373,113726.0,,,,
