round,loss,accuracy,f1,recall,precision,auc,num_examples,clipping_norm,dp_noise_stddev,privacy_budget,nsr
0,0.7354592680931091,0.2370258271694183,0.3589876185691912,0.4299440826727067,0.3081342261451834,0.1722626793667223,113726.0,,,,
2,0.7153122425079346,0.3951778709888458,0.4604245438428592,0.5165179435732263,0.4153210398947085,0.4091175912604056,113726.0,,,,
4,0.7023715972900391,0.5332465767860413,0.4652872914819889,0.4053461106430778,0.5460327217703802,0.5155812200700937,113726.0,,,,
