round,loss,accuracy,f1,recall,precision,auc,num_examples,clipping_norm,dp_noise_stddev,privacy_budget,nsr
0,0.70754474401474,0.3760266005992889,0.302790332088819,0.2718835465372739,0.3416250969958984,0.3096777459046405,113726.0,,,,
2,0.720504105091095,0.4945219159126282,0.6522196812951467,0.9451535979800814,0.49790323474534,0.5671490522998892,113726.0,,,,
4,0.8906587362289429,0.4689956605434418,0.5998688072725827,0.7952042160737813,0.4815740760441711,0.4681438592634277,113726.0,,,,
