round,loss,accuracy,f1,recall,precision,auc,num_examples,clipping_norm,dp_noise_stddev,privacy_budget,nsr
0,0.6615431904792786,0.649921715259552,0.7228838510743446,0.910602181461088,0.5993328947520284,0.8045695063689194,113726.0,,,,
2,0.6429464817047119,0.5131720304489136,0.6728397615065975,0.9978266965787996,0.50753746445223,0.870149748735954,113726.0,,,,
4,0.7116751670837402,0.4985579252243042,0.6648289967850572,1.0,0.4979354668310076,0.6408572024562597,113726.0,,,,
