round,loss,accuracy,f1,recall,precision,auc,num_examples,clipping_norm,dp_noise_stddev,privacy_budget,nsr
1,,,,,,,,1.4715904499385677,1.3593970278542633,0.9237604307034012,0.9237604307034014
2,,,,,,,,1.4234217611018427,1.3149006991080323,1.3063945294843615,0.9237604307034014
3,,,,,,,,1.3964103295047765,1.2899486074220108,1.6,0.9237604307034012
4,,,,,,,,1.435899877528732,1.3264274893129029,1.8475208614068024,0.9237604307034012
5,,,,,,,,1.4314303998647138,1.32229876270097,2.065591117977289,0.9237604307034012
