round,loss,accuracy,f1,recall,precision,auc,num_examples,clipping_norm,dp_noise_stddev,privacy_budget,nsr
1,,,,,,,,0.1001932678324222,0.1156932203080745,1.1547005383792517,1.1547005383792517
2,,,,,,,,0.1246443585944252,0.1439269079749192,1.632993161855452,1.1547005383792517
3,,,,,,,,0.1388075469555938,0.1602811492007274,2.0,1.1547005383792517
4,,,,,,,,0.1690339040839895,0.1951835400501294,2.309401076758503,1.1547005383792517
5,,,,,,,,0.1763091519299716,0.2035842726547274,2.581988897471611,1.1547005383792517
