round,loss,accuracy,f1,recall,precision,auc,num_examples,clipping_norm,dp_noise_stddev,privacy_budget,nsr
2,,,,,,,,0.153439932292104,1.417417379412547,13.063945294843617,9.237604307034012
4,,,,,,,,0.220857446429127,2.040193698374237,18.475208614068023,9.237604307034012
