round,loss,accuracy,f1,recall,precision,auc,num_examples,clipping_norm,dp_noise_stddev,privacy_budget,nsr
0,0.6929912567138672,0.467940479516983,0.5203598747572431,0.5774427360050667,0.4735475307662343,0.5094096393621694,113726.0,,,,
2,0.8198235630989075,0.6032393574714661,0.700917358220431,0.9305022702474394,0.5622036024923973,0.8084132899650276,113726.0,,,,
4,242.066146850586,0.648488461971283,0.6076630157421583,0.5438001721442498,0.6885216733758869,0.6608217954375519,113726.0,,,,
