round,loss,accuracy,f1,recall,precision,auc,num_examples,clipping_norm,dp_noise_stddev,privacy_budget,nsr
1,11.61332893371582,0.4384397566318512,0.5526916665499321,0.6916711954139859,0.4602185907081452,0.4032535230136038,113726.0,,,,
3,28.40143394470215,0.5304855704307556,0.6251281259214535,0.7828143407240694,0.5203178869865015,0.5482996137773113,113726.0,,,,
5,71.5565414428711,0.6107486486434937,0.6298538412655942,0.6628418570272078,0.5999936279351323,0.6109928524851492,113726.0,,,,
