round,loss,accuracy,f1,recall,precision,auc,num_examples,clipping_norm,dp_noise_stddev,privacy_budget,nsr
2,,,,,,,,0.0424539138679459,0.3921724575969888,13.063945294843617,9.237604307034012
4,,,,,,,,0.4887489064308858,4.514869003104114,18.475208614068023,9.237604307034012
