round,loss,accuracy,f1,recall,precision,auc,num_examples,clipping_norm,dp_noise_stddev,privacy_budget,nsr
1,61.15624237060547,0.499639481306076,0.3917523569275499,0.3225040038014115,0.4988702256826287,0.4087691076653869,113726.0,,,,
3,430.552978515625,0.488146960735321,0.4283343317587673,0.3829256729469192,0.4859613156252785,0.4727694741037551,113726.0,,,,
5,500.4280700683594,0.5895837545394897,0.5407585969400305,0.4819699733408166,0.6158811268742016,0.5897034112343756,113726.0,,,,
