round,loss,accuracy,f1,recall,precision,auc,num_examples,clipping_norm,dp_noise_stddev,privacy_budget,nsr
1,3.4413933753967285,0.5725252032279968,0.6689817179041976,0.8635540633185086,0.5459667918824601,0.7198773296108355,113726.0,,,,
3,76.87858581542969,0.4774369895458221,0.4497875216413143,0.4271170347446898,0.4749995111363147,0.4491639807865347,113726.0,,,,
5,391.3310546875,0.4757311344146728,0.3539393414023644,0.2865263157894737,0.462833338056508,0.4714968829850602,113726.0,,,,
