round,loss,accuracy,f1,recall,precision,auc,num_examples,clipping_norm,dp_noise_stddev,privacy_budget,nsr
0,0.6776430606842041,0.6686334013938904,0.5256824961296901,0.3663748486815558,0.9301175841795832,0.7478804237571202,113726.0,,,,
2,21230.962890625,0.5063749551773071,0.5156341673856772,0.5277184183105805,0.5040909627680213,0.50613309242586,113726.0,,,,
4,64488.50390625,0.5436311960220337,0.5215395252362296,0.496393787838905,0.5493688094775685,0.5436083017972351,113726.0,,,,
