round,loss,accuracy,f1,recall,precision,auc,num_examples,clipping_norm,dp_noise_stddev,privacy_budget,nsr
0,0.690524697303772,0.5492587685585022,0.4910796723752791,0.4342223080569552,0.5650703710473405,0.5481287063939737,113726.0,,,,
2,8.993892669677734,0.634032666683197,0.6854975214605247,0.7994994095147445,0.5999497374442813,0.7031593199613381,113726.0,,,,
4,36.90182113647461,0.6210101246833801,0.6640529396634371,0.7474906997964483,0.5973720007292207,0.6444049159644435,113726.0,,,,
