round,loss,accuracy,f1,recall,precision,auc,num_examples,clipping_norm,dp_noise_stddev,privacy_budget,nsr
2,,,,,,,,0.2438930400985342,1.4081171235436492,8.16496580927726,5.773502691896257
4,,,,,,,,0.1657390179900902,0.956894666518028,11.547005383792516,5.773502691896257
