round,loss,accuracy,f1,recall,precision,auc,num_examples,clipping_norm,dp_noise_stddev,privacy_budget,nsr
1,7.231191635131836,0.4423878490924835,0.1947812837280172,0.1348784862659585,0.3504043126684636,0.3619797438904542,113726.0,,,,
3,32.219581604003906,0.5005451440811157,0.5424698140108097,0.591449598651046,0.5009819382866665,0.4997306927344256,113726.0,,,,
5,111.7806167602539,0.5025148391723633,0.3649384323541627,0.287152673508682,0.5005234312457664,0.4845426050845333,113726.0,,,,
