round,loss,accuracy,f1,recall,precision,auc,num_examples,clipping_norm,dp_noise_stddev,privacy_budget,nsr
1,0.644557774066925,0.6612823605537415,0.7355108038148074,0.9418974764793808,0.6033138840703778,0.8404604040786141,113726.0,,,,
3,0.6725203394889832,0.5021806955337524,0.6679141028724273,0.9977568259086608,0.5019705345570926,0.7702049104957891,113726.0,,,,
5,0.7129003405570984,0.4898088276386261,0.656459080843606,0.9780522230063514,0.4940203539665282,0.7109200186500311,113726.0,,,,
