round,loss,accuracy,f1,recall,precision,auc,num_examples,clipping_norm,dp_noise_stddev,privacy_budget,nsr
2,,,,,,,,0.1196666075778438,1.1054327695692392,13.063945294843617,9.237604307034012
4,,,,,,,,0.0469856921955371,0.4340352325944681,18.475208614068023,9.237604307034012
