Noise Scale,Noisy Accuracy,Recall,Precision,F1
1.0,0.677619893428064,0.6707876826759053,0.6800805905216988,0.675402172661998
