Noise Scale,Noisy Accuracy,Recall,Precision,F1
5.0,0.53735293600408,0.5347941543710322,0.5375450753022697,0.5361660863049323
