Noise Scale,Noisy Accuracy,Recall,Precision,F1
0.5,0.8138596275258076,0.8050050120464978,0.8195180464050416,0.8121967015321286
