loss,accuracy,val_loss,val_accuracy
0.1184660866856575,0.9568172693252563,0.1169440597295761,0.961073100566864
0.118132546544075,0.9568392634391784,0.1169440597295761,0.961073100566864
