loss,accuracy,val_loss,val_accuracy
0.1189911961555481,0.9568656086921692,0.1169440597295761,0.961073100566864
0.1187938228249549,0.956727147102356,0.1169440597295761,0.961073100566864
